--
-- PostgreSQL database dump
--

\restrict g7iRk4eEncCeUOfOMhKsGU4lN3kzBEs6VY4rthMQVzkoNh8dShsNZy7amg5DQs4

-- Dumped from database version 16.11
-- Dumped by pg_dump version 16.11

SET statement_timeout = 0;
SET lock_timeout = 0;
SET idle_in_transaction_session_timeout = 0;
SET client_encoding = 'UTF8';
SET standard_conforming_strings = on;
SELECT pg_catalog.set_config('search_path', '', false);
SET check_function_bodies = false;
SET xmloption = content;
SET client_min_messages = warning;
SET row_security = off;

--
-- Name: public; Type: SCHEMA; Schema: -; Owner: postgres
--

-- *not* creating schema, since initdb creates it


ALTER SCHEMA public OWNER TO postgres;

--
-- Name: SCHEMA public; Type: COMMENT; Schema: -; Owner: postgres
--

COMMENT ON SCHEMA public IS '';


SET default_tablespace = '';

SET default_table_access_method = heap;

--
-- Name: ai_providers_aimodel; Type: TABLE; Schema: public; Owner: postgres
--

CREATE TABLE public.ai_providers_aimodel (
    id bigint NOT NULL,
    name character varying(100) NOT NULL,
    model_type character varying(10) NOT NULL,
    api_endpoint character varying(255) NOT NULL,
    request_schema jsonb NOT NULL,
    parameters_schema jsonb NOT NULL,
    is_active boolean NOT NULL,
    created_at timestamp with time zone NOT NULL,
    updated_at timestamp with time zone NOT NULL,
    provider_id bigint NOT NULL,
    preview_url character varying(500) NOT NULL,
    description text NOT NULL,
    tags jsonb NOT NULL,
    image_inputs_schema jsonb NOT NULL,
    pricing_schema jsonb NOT NULL
);


ALTER TABLE public.ai_providers_aimodel OWNER TO postgres;

--
-- Name: ai_providers_aimodel_id_seq; Type: SEQUENCE; Schema: public; Owner: postgres
--

ALTER TABLE public.ai_providers_aimodel ALTER COLUMN id ADD GENERATED BY DEFAULT AS IDENTITY (
    SEQUENCE NAME public.ai_providers_aimodel_id_seq
    START WITH 1
    INCREMENT BY 1
    NO MINVALUE
    NO MAXVALUE
    CACHE 1
);


--
-- Name: ai_providers_aiprovider; Type: TABLE; Schema: public; Owner: postgres
--

CREATE TABLE public.ai_providers_aiprovider (
    id bigint NOT NULL,
    name character varying(100) NOT NULL,
    base_url character varying(500) NOT NULL,
    api_key character varying(255) NOT NULL,
    is_active boolean NOT NULL,
    created_at timestamp with time zone NOT NULL,
    updated_at timestamp with time zone NOT NULL
);


ALTER TABLE public.ai_providers_aiprovider OWNER TO postgres;

--
-- Name: ai_providers_aiprovider_id_seq; Type: SEQUENCE; Schema: public; Owner: postgres
--

ALTER TABLE public.ai_providers_aiprovider ALTER COLUMN id ADD GENERATED BY DEFAULT AS IDENTITY (
    SEQUENCE NAME public.ai_providers_aiprovider_id_seq
    START WITH 1
    INCREMENT BY 1
    NO MINVALUE
    NO MAXVALUE
    CACHE 1
);


--
-- Name: auth_group; Type: TABLE; Schema: public; Owner: postgres
--

CREATE TABLE public.auth_group (
    id integer NOT NULL,
    name character varying(150) NOT NULL
);


ALTER TABLE public.auth_group OWNER TO postgres;

--
-- Name: auth_group_id_seq; Type: SEQUENCE; Schema: public; Owner: postgres
--

ALTER TABLE public.auth_group ALTER COLUMN id ADD GENERATED BY DEFAULT AS IDENTITY (
    SEQUENCE NAME public.auth_group_id_seq
    START WITH 1
    INCREMENT BY 1
    NO MINVALUE
    NO MAXVALUE
    CACHE 1
);


--
-- Name: auth_group_permissions; Type: TABLE; Schema: public; Owner: postgres
--

CREATE TABLE public.auth_group_permissions (
    id bigint NOT NULL,
    group_id integer NOT NULL,
    permission_id integer NOT NULL
);


ALTER TABLE public.auth_group_permissions OWNER TO postgres;

--
-- Name: auth_group_permissions_id_seq; Type: SEQUENCE; Schema: public; Owner: postgres
--

ALTER TABLE public.auth_group_permissions ALTER COLUMN id ADD GENERATED BY DEFAULT AS IDENTITY (
    SEQUENCE NAME public.auth_group_permissions_id_seq
    START WITH 1
    INCREMENT BY 1
    NO MINVALUE
    NO MAXVALUE
    CACHE 1
);


--
-- Name: auth_permission; Type: TABLE; Schema: public; Owner: postgres
--

CREATE TABLE public.auth_permission (
    id integer NOT NULL,
    name character varying(255) NOT NULL,
    content_type_id integer NOT NULL,
    codename character varying(100) NOT NULL
);


ALTER TABLE public.auth_permission OWNER TO postgres;

--
-- Name: auth_permission_id_seq; Type: SEQUENCE; Schema: public; Owner: postgres
--

ALTER TABLE public.auth_permission ALTER COLUMN id ADD GENERATED BY DEFAULT AS IDENTITY (
    SEQUENCE NAME public.auth_permission_id_seq
    START WITH 1
    INCREMENT BY 1
    NO MINVALUE
    NO MAXVALUE
    CACHE 1
);


--
-- Name: credits_creditstransaction; Type: TABLE; Schema: public; Owner: postgres
--

CREATE TABLE public.credits_creditstransaction (
    id bigint NOT NULL,
    amount numeric(12,2) NOT NULL,
    balance_after numeric(12,2) NOT NULL,
    reason character varying(64) NOT NULL,
    metadata jsonb NOT NULL,
    created_at timestamp with time zone NOT NULL,
    element_id bigint,
    user_id bigint NOT NULL
);


ALTER TABLE public.credits_creditstransaction OWNER TO postgres;

--
-- Name: credits_creditstransaction_id_seq; Type: SEQUENCE; Schema: public; Owner: postgres
--

ALTER TABLE public.credits_creditstransaction ALTER COLUMN id ADD GENERATED BY DEFAULT AS IDENTITY (
    SEQUENCE NAME public.credits_creditstransaction_id_seq
    START WITH 1
    INCREMENT BY 1
    NO MINVALUE
    NO MAXVALUE
    CACHE 1
);


--
-- Name: django_admin_log; Type: TABLE; Schema: public; Owner: postgres
--

CREATE TABLE public.django_admin_log (
    id integer NOT NULL,
    action_time timestamp with time zone NOT NULL,
    object_id text,
    object_repr character varying(200) NOT NULL,
    action_flag smallint NOT NULL,
    change_message text NOT NULL,
    content_type_id integer,
    user_id bigint NOT NULL,
    CONSTRAINT django_admin_log_action_flag_check CHECK ((action_flag >= 0))
);


ALTER TABLE public.django_admin_log OWNER TO postgres;

--
-- Name: django_admin_log_id_seq; Type: SEQUENCE; Schema: public; Owner: postgres
--

ALTER TABLE public.django_admin_log ALTER COLUMN id ADD GENERATED BY DEFAULT AS IDENTITY (
    SEQUENCE NAME public.django_admin_log_id_seq
    START WITH 1
    INCREMENT BY 1
    NO MINVALUE
    NO MAXVALUE
    CACHE 1
);


--
-- Name: django_content_type; Type: TABLE; Schema: public; Owner: postgres
--

CREATE TABLE public.django_content_type (
    id integer NOT NULL,
    app_label character varying(100) NOT NULL,
    model character varying(100) NOT NULL
);


ALTER TABLE public.django_content_type OWNER TO postgres;

--
-- Name: django_content_type_id_seq; Type: SEQUENCE; Schema: public; Owner: postgres
--

ALTER TABLE public.django_content_type ALTER COLUMN id ADD GENERATED BY DEFAULT AS IDENTITY (
    SEQUENCE NAME public.django_content_type_id_seq
    START WITH 1
    INCREMENT BY 1
    NO MINVALUE
    NO MAXVALUE
    CACHE 1
);


--
-- Name: django_migrations; Type: TABLE; Schema: public; Owner: postgres
--

CREATE TABLE public.django_migrations (
    id bigint NOT NULL,
    app character varying(255) NOT NULL,
    name character varying(255) NOT NULL,
    applied timestamp with time zone NOT NULL
);


ALTER TABLE public.django_migrations OWNER TO postgres;

--
-- Name: django_migrations_id_seq; Type: SEQUENCE; Schema: public; Owner: postgres
--

ALTER TABLE public.django_migrations ALTER COLUMN id ADD GENERATED BY DEFAULT AS IDENTITY (
    SEQUENCE NAME public.django_migrations_id_seq
    START WITH 1
    INCREMENT BY 1
    NO MINVALUE
    NO MAXVALUE
    CACHE 1
);


--
-- Name: django_session; Type: TABLE; Schema: public; Owner: postgres
--

CREATE TABLE public.django_session (
    session_key character varying(40) NOT NULL,
    session_data text NOT NULL,
    expire_date timestamp with time zone NOT NULL
);


ALTER TABLE public.django_session OWNER TO postgres;

--
-- Name: elements_element; Type: TABLE; Schema: public; Owner: postgres
--

CREATE TABLE public.elements_element (
    id bigint NOT NULL,
    element_type character varying(10) NOT NULL,
    order_index integer NOT NULL,
    file_url character varying(500) NOT NULL,
    thumbnail_url character varying(500) NOT NULL,
    is_favorite boolean NOT NULL,
    prompt_text text NOT NULL,
    generation_config jsonb NOT NULL,
    seed integer,
    status character varying(20) NOT NULL,
    error_message text NOT NULL,
    source_type character varying(20) NOT NULL,
    external_task_id character varying(255) NOT NULL,
    created_at timestamp with time zone NOT NULL,
    updated_at timestamp with time zone NOT NULL,
    ai_model_id bigint,
    scene_id bigint NOT NULL
);


ALTER TABLE public.elements_element OWNER TO postgres;

--
-- Name: elements_element_id_seq; Type: SEQUENCE; Schema: public; Owner: postgres
--

ALTER TABLE public.elements_element ALTER COLUMN id ADD GENERATED BY DEFAULT AS IDENTITY (
    SEQUENCE NAME public.elements_element_id_seq
    START WITH 1
    INCREMENT BY 1
    NO MINVALUE
    NO MAXVALUE
    CACHE 1
);


--
-- Name: projects_project; Type: TABLE; Schema: public; Owner: postgres
--

CREATE TABLE public.projects_project (
    id bigint NOT NULL,
    name character varying(255) NOT NULL,
    status character varying(20) NOT NULL,
    aspect_ratio character varying(10) NOT NULL,
    created_at timestamp with time zone NOT NULL,
    updated_at timestamp with time zone NOT NULL,
    user_id bigint NOT NULL
);


ALTER TABLE public.projects_project OWNER TO postgres;

--
-- Name: projects_project_id_seq; Type: SEQUENCE; Schema: public; Owner: postgres
--

ALTER TABLE public.projects_project ALTER COLUMN id ADD GENERATED BY DEFAULT AS IDENTITY (
    SEQUENCE NAME public.projects_project_id_seq
    START WITH 1
    INCREMENT BY 1
    NO MINVALUE
    NO MAXVALUE
    CACHE 1
);


--
-- Name: scenes_scene; Type: TABLE; Schema: public; Owner: postgres
--

CREATE TABLE public.scenes_scene (
    id bigint NOT NULL,
    name character varying(255) NOT NULL,
    status character varying(20) NOT NULL,
    order_index integer NOT NULL,
    created_at timestamp with time zone NOT NULL,
    updated_at timestamp with time zone NOT NULL,
    headliner_id bigint,
    project_id bigint NOT NULL
);


ALTER TABLE public.scenes_scene OWNER TO postgres;

--
-- Name: scenes_scene_id_seq; Type: SEQUENCE; Schema: public; Owner: postgres
--

ALTER TABLE public.scenes_scene ALTER COLUMN id ADD GENERATED BY DEFAULT AS IDENTITY (
    SEQUENCE NAME public.scenes_scene_id_seq
    START WITH 1
    INCREMENT BY 1
    NO MINVALUE
    NO MAXVALUE
    CACHE 1
);


--
-- Name: sharing_comment; Type: TABLE; Schema: public; Owner: postgres
--

CREATE TABLE public.sharing_comment (
    id bigint NOT NULL,
    author_name character varying(100) NOT NULL,
    text text NOT NULL,
    is_read boolean NOT NULL,
    created_at timestamp with time zone NOT NULL,
    updated_at timestamp with time zone NOT NULL,
    scene_id bigint NOT NULL
);


ALTER TABLE public.sharing_comment OWNER TO postgres;

--
-- Name: sharing_comment_id_seq; Type: SEQUENCE; Schema: public; Owner: postgres
--

ALTER TABLE public.sharing_comment ALTER COLUMN id ADD GENERATED BY DEFAULT AS IDENTITY (
    SEQUENCE NAME public.sharing_comment_id_seq
    START WITH 1
    INCREMENT BY 1
    NO MINVALUE
    NO MAXVALUE
    CACHE 1
);


--
-- Name: sharing_sharedlink; Type: TABLE; Schema: public; Owner: postgres
--

CREATE TABLE public.sharing_sharedlink (
    id bigint NOT NULL,
    token uuid NOT NULL,
    expires_at timestamp with time zone,
    created_at timestamp with time zone NOT NULL,
    updated_at timestamp with time zone NOT NULL,
    project_id bigint NOT NULL
);


ALTER TABLE public.sharing_sharedlink OWNER TO postgres;

--
-- Name: sharing_sharedlink_id_seq; Type: SEQUENCE; Schema: public; Owner: postgres
--

ALTER TABLE public.sharing_sharedlink ALTER COLUMN id ADD GENERATED BY DEFAULT AS IDENTITY (
    SEQUENCE NAME public.sharing_sharedlink_id_seq
    START WITH 1
    INCREMENT BY 1
    NO MINVALUE
    NO MAXVALUE
    CACHE 1
);


--
-- Name: users_user; Type: TABLE; Schema: public; Owner: postgres
--

CREATE TABLE public.users_user (
    id bigint NOT NULL,
    password character varying(128) NOT NULL,
    last_login timestamp with time zone,
    is_superuser boolean NOT NULL,
    username character varying(150) NOT NULL,
    first_name character varying(150) NOT NULL,
    last_name character varying(150) NOT NULL,
    email character varying(254) NOT NULL,
    is_staff boolean NOT NULL,
    is_active boolean NOT NULL,
    date_joined timestamp with time zone NOT NULL,
    created_at timestamp with time zone NOT NULL,
    updated_at timestamp with time zone NOT NULL,
    balance numeric(12,2) NOT NULL,
    pricing_percent integer NOT NULL,
    CONSTRAINT users_user_pricing_percent_check CHECK ((pricing_percent >= 0))
);


ALTER TABLE public.users_user OWNER TO postgres;

--
-- Name: users_user_groups; Type: TABLE; Schema: public; Owner: postgres
--

CREATE TABLE public.users_user_groups (
    id bigint NOT NULL,
    user_id bigint NOT NULL,
    group_id integer NOT NULL
);


ALTER TABLE public.users_user_groups OWNER TO postgres;

--
-- Name: users_user_groups_id_seq; Type: SEQUENCE; Schema: public; Owner: postgres
--

ALTER TABLE public.users_user_groups ALTER COLUMN id ADD GENERATED BY DEFAULT AS IDENTITY (
    SEQUENCE NAME public.users_user_groups_id_seq
    START WITH 1
    INCREMENT BY 1
    NO MINVALUE
    NO MAXVALUE
    CACHE 1
);


--
-- Name: users_user_id_seq; Type: SEQUENCE; Schema: public; Owner: postgres
--

ALTER TABLE public.users_user ALTER COLUMN id ADD GENERATED BY DEFAULT AS IDENTITY (
    SEQUENCE NAME public.users_user_id_seq
    START WITH 1
    INCREMENT BY 1
    NO MINVALUE
    NO MAXVALUE
    CACHE 1
);


--
-- Name: users_user_user_permissions; Type: TABLE; Schema: public; Owner: postgres
--

CREATE TABLE public.users_user_user_permissions (
    id bigint NOT NULL,
    user_id bigint NOT NULL,
    permission_id integer NOT NULL
);


ALTER TABLE public.users_user_user_permissions OWNER TO postgres;

--
-- Name: users_user_user_permissions_id_seq; Type: SEQUENCE; Schema: public; Owner: postgres
--

ALTER TABLE public.users_user_user_permissions ALTER COLUMN id ADD GENERATED BY DEFAULT AS IDENTITY (
    SEQUENCE NAME public.users_user_user_permissions_id_seq
    START WITH 1
    INCREMENT BY 1
    NO MINVALUE
    NO MAXVALUE
    CACHE 1
);


--
-- Name: users_userquota; Type: TABLE; Schema: public; Owner: postgres
--

CREATE TABLE public.users_userquota (
    id bigint NOT NULL,
    user_id integer NOT NULL,
    max_projects integer DEFAULT 5 NOT NULL,
    max_scenes_per_project integer DEFAULT 20 NOT NULL,
    max_elements_per_scene integer DEFAULT 10 NOT NULL,
    created_at timestamp with time zone NOT NULL,
    updated_at timestamp with time zone NOT NULL
);


ALTER TABLE public.users_userquota OWNER TO postgres;

--
-- Name: users_userquota_id_seq; Type: SEQUENCE; Schema: public; Owner: postgres
--

CREATE SEQUENCE public.users_userquota_id_seq
    START WITH 1
    INCREMENT BY 1
    NO MINVALUE
    NO MAXVALUE
    CACHE 1;


ALTER SEQUENCE public.users_userquota_id_seq OWNER TO postgres;

--
-- Name: users_userquota_id_seq; Type: SEQUENCE OWNED BY; Schema: public; Owner: postgres
--

ALTER SEQUENCE public.users_userquota_id_seq OWNED BY public.users_userquota.id;


--
-- Name: users_userquota id; Type: DEFAULT; Schema: public; Owner: postgres
--

ALTER TABLE ONLY public.users_userquota ALTER COLUMN id SET DEFAULT nextval('public.users_userquota_id_seq'::regclass);


--
-- Data for Name: ai_providers_aimodel; Type: TABLE DATA; Schema: public; Owner: postgres
--

COPY public.ai_providers_aimodel (id, name, model_type, api_endpoint, request_schema, parameters_schema, is_active, created_at, updated_at, provider_id, preview_url, description, tags, image_inputs_schema, pricing_schema) FROM stdin;
1	Nano-Banana-2	IMAGE	/api/v1/jobs/createTask	{"input": {"prompt": "{{prompt}}", "resolution": "{{resolution}}", "image_input": "{{input_urls}}", "aspect_ratio": "{{aspect_ratio}}", "google_search": "{{google_search}}", "output_format": "{{output_format}}"}, "model": "nano-banana-2", "callBackUrl": "{{callback_url}}"}	[{"label": "Соотношение сторон", "default": "16:9", "options": [{"label": "16:9", "value": "16:9"}, {"label": "9:16", "value": "9:16"}, {"label": "3:4", "value": "3:4"}], "request_key": "aspect_ratio", "ui_semantic": "aspect_ratio", "custom_options": [{"label": "1:1", "value": "1:1"}, {"label": "1:4", "value": "1:4"}, {"label": "1:8", "value": "1:8"}, {"label": "2:3", "value": "2:3"}, {"label": "3:2", "value": "3:2"}, {"label": "4:1", "value": "4:1"}, {"label": "4:3", "value": "4:3"}, {"label": "4:5", "value": "4:5"}, {"label": "5:4", "value": "5:4"}, {"label": "8:1", "value": "8:1"}, {"label": "21:9", "value": "21:9"}, {"label": "Авто", "value": "auto"}]}, {"label": "Google Search", "default": false, "request_key": "google_search", "ui_semantic": "switch"}, {"label": "Разрешение", "default": "1K", "options": [{"label": "1K", "value": "1K"}, {"label": "2K", "value": "2K"}, {"label": "4K", "value": "4K"}], "request_key": "resolution", "ui_semantic": "resolution"}, {"label": "Формат", "default": "jpg", "options": [{"label": "JPG", "value": "jpg"}, {"label": "PNG", "value": "png"}], "request_key": "output_format", "ui_semantic": "output_format"}]	t	2026-03-04 15:03:49.968306+00	2026-03-08 11:02:05.428505+00	1			["Референс стиля", "Быстрая генерация"]	[{"key": "input_urls", "max": 14, "min": 0, "label": "Выберите изображения", "required": false}]	{}
\.


--
-- Data for Name: ai_providers_aiprovider; Type: TABLE DATA; Schema: public; Owner: postgres
--

COPY public.ai_providers_aiprovider (id, name, base_url, api_key, is_active, created_at, updated_at) FROM stdin;
1	Kie.ai	https://api.kie.ai	5e1a926579fdbaa0fbdef238e1577b20	t	2026-03-04 12:26:04.775916+00	2026-03-04 12:26:04.775927+00
\.


--
-- Data for Name: auth_group; Type: TABLE DATA; Schema: public; Owner: postgres
--

COPY public.auth_group (id, name) FROM stdin;
\.


--
-- Data for Name: auth_group_permissions; Type: TABLE DATA; Schema: public; Owner: postgres
--

COPY public.auth_group_permissions (id, group_id, permission_id) FROM stdin;
\.


--
-- Data for Name: auth_permission; Type: TABLE DATA; Schema: public; Owner: postgres
--

COPY public.auth_permission (id, name, content_type_id, codename) FROM stdin;
1	Can add log entry	1	add_logentry
2	Can change log entry	1	change_logentry
3	Can delete log entry	1	delete_logentry
4	Can view log entry	1	view_logentry
5	Can add permission	2	add_permission
6	Can change permission	2	change_permission
7	Can delete permission	2	delete_permission
8	Can view permission	2	view_permission
9	Can add group	3	add_group
10	Can change group	3	change_group
11	Can delete group	3	delete_group
12	Can view group	3	view_group
13	Can add content type	4	add_contenttype
14	Can change content type	4	change_contenttype
15	Can delete content type	4	delete_contenttype
16	Can view content type	4	view_contenttype
17	Can add session	5	add_session
18	Can change session	5	change_session
19	Can delete session	5	delete_session
20	Can view session	5	view_session
21	Can add Пользователь	6	add_user
22	Can change Пользователь	6	change_user
23	Can delete Пользователь	6	delete_user
24	Can view Пользователь	6	view_user
25	Can add Квота пользователя	7	add_userquota
26	Can change Квота пользователя	7	change_userquota
27	Can delete Квота пользователя	7	delete_userquota
28	Can view Квота пользователя	7	view_userquota
29	Can add Проект	8	add_project
30	Can change Проект	8	change_project
31	Can delete Проект	8	delete_project
32	Can view Проект	8	view_project
33	Can add Сцена	9	add_scene
34	Can change Сцена	9	change_scene
35	Can delete Сцена	9	delete_scene
36	Can view Сцена	9	view_scene
37	Can add Элемент	10	add_element
38	Can change Элемент	10	change_element
39	Can delete Элемент	10	delete_element
40	Can view Элемент	10	view_element
41	Can add AI Провайдер	11	add_aiprovider
42	Can change AI Провайдер	11	change_aiprovider
43	Can delete AI Провайдер	11	delete_aiprovider
44	Can view AI Провайдер	11	view_aiprovider
45	Can add AI Модель	12	add_aimodel
46	Can change AI Модель	12	change_aimodel
47	Can delete AI Модель	12	delete_aimodel
48	Can view AI Модель	12	view_aimodel
49	Can add Комментарий	13	add_comment
50	Can change Комментарий	13	change_comment
51	Can delete Комментарий	13	delete_comment
52	Can view Комментарий	13	view_comment
53	Can add Публичная ссылка	14	add_sharedlink
54	Can change Публичная ссылка	14	change_sharedlink
55	Can delete Публичная ссылка	14	delete_sharedlink
56	Can view Публичная ссылка	14	view_sharedlink
57	Can add Транзакция кредитов	15	add_creditstransaction
58	Can change Транзакция кредитов	15	change_creditstransaction
59	Can delete Транзакция кредитов	15	delete_creditstransaction
60	Can view Транзакция кредитов	15	view_creditstransaction
\.


--
-- Data for Name: credits_creditstransaction; Type: TABLE DATA; Schema: public; Owner: postgres
--

COPY public.credits_creditstransaction (id, amount, balance_after, reason, metadata, created_at, element_id, user_id) FROM stdin;
\.


--
-- Data for Name: django_admin_log; Type: TABLE DATA; Schema: public; Owner: postgres
--

COPY public.django_admin_log (id, action_time, object_id, object_repr, action_flag, change_message, content_type_id, user_id) FROM stdin;
1	2026-02-28 14:09:35.097225+00	3	MainAlex	3		6	1
2	2026-02-28 14:09:35.100261+00	2	Ma	3		6	1
3	2026-02-28 14:20:06.72891+00	5	MainAlex2	3		6	1
4	2026-02-28 14:20:06.731304+00	4	MainAlex	3		6	1
5	2026-02-28 14:28:22.812857+00	7	MainAlex1	3		6	1
6	2026-02-28 14:28:22.819507+00	6	MainAlex	3		6	1
7	2026-02-28 14:40:51.295663+00	8	MainAlex	3		6	1
8	2026-03-03 14:12:34.336799+00	9	MainAlex	2	[{"changed": {"fields": ["password"]}}]	6	1
9	2026-03-03 18:33:04.283707+00	8	Квота: MainAlex (Проекты: 5, Сцены: 20, Элементы: 1)	2	[{"changed": {"fields": ["\\u041c\\u0430\\u043a\\u0441\\u0438\\u043c\\u0443\\u043c \\u044d\\u043b\\u0435\\u043c\\u0435\\u043d\\u0442\\u043e\\u0432 \\u043d\\u0430 \\u0441\\u0446\\u0435\\u043d\\u0443"]}}]	7	1
10	2026-03-03 19:09:50.93873+00	8	Квота: MainAlex (Проекты: 5, Сцены: 20, Элементы: 20)	2	[{"changed": {"fields": ["\\u041c\\u0430\\u043a\\u0441\\u0438\\u043c\\u0443\\u043c \\u044d\\u043b\\u0435\\u043c\\u0435\\u043d\\u0442\\u043e\\u0432 \\u043d\\u0430 \\u0441\\u0446\\u0435\\u043d\\u0443"]}}]	7	1
11	2026-03-04 12:26:04.778154+00	1	✓ Kie.ai	1	[{"added": {}}]	11	1
12	2026-03-04 15:03:49.971505+00	1	✓ Nano-Banana-2 (Изображение) - Kie.ai	1	[{"added": {}}]	12	1
13	2026-03-04 15:12:25.702728+00	1	✓ Nano-Banana-2 (Изображение) - Kie.ai	2	[]	12	1
14	2026-03-08 07:10:15.846942+00	1	✓ Nano-Banana-2 (Изображение) - Kie.ai	2	[{"changed": {"fields": ["\\u0422\\u0435\\u0433\\u0438", "\\u0421\\u0445\\u0435\\u043c\\u0430 \\u0432\\u0445\\u043e\\u0434\\u043d\\u044b\\u0445 \\u0438\\u0437\\u043e\\u0431\\u0440\\u0430\\u0436\\u0435\\u043d\\u0438\\u0439"]}}]	12	1
15	2026-03-08 08:35:03.594661+00	1	✓ Nano-Banana-2 (Изображение) - Kie.ai	2	[{"changed": {"fields": ["\\u0421\\u0445\\u0435\\u043c\\u0430 \\u0432\\u0445\\u043e\\u0434\\u043d\\u044b\\u0445 \\u0438\\u0437\\u043e\\u0431\\u0440\\u0430\\u0436\\u0435\\u043d\\u0438\\u0439"]}}]	12	1
16	2026-03-08 11:02:05.429844+00	1	✓ Nano-Banana-2 (Изображение) - Kie.ai	2	[]	12	1
\.


--
-- Data for Name: django_content_type; Type: TABLE DATA; Schema: public; Owner: postgres
--

COPY public.django_content_type (id, app_label, model) FROM stdin;
1	admin	logentry
2	auth	permission
3	auth	group
4	contenttypes	contenttype
5	sessions	session
6	users	user
7	users	userquota
8	projects	project
9	scenes	scene
10	elements	element
11	ai_providers	aiprovider
12	ai_providers	aimodel
13	sharing	comment
14	sharing	sharedlink
15	credits	creditstransaction
\.


--
-- Data for Name: django_migrations; Type: TABLE DATA; Schema: public; Owner: postgres
--

COPY public.django_migrations (id, app, name, applied) FROM stdin;
1	contenttypes	0001_initial	2026-02-23 16:25:26.250325+00
2	contenttypes	0002_remove_content_type_name	2026-02-23 16:25:26.259509+00
3	auth	0001_initial	2026-02-23 16:25:26.31967+00
4	auth	0002_alter_permission_name_max_length	2026-02-23 16:25:26.326442+00
5	auth	0003_alter_user_email_max_length	2026-02-23 16:25:26.330622+00
6	auth	0004_alter_user_username_opts	2026-02-23 16:25:26.335408+00
7	auth	0005_alter_user_last_login_null	2026-02-23 16:25:26.340787+00
8	auth	0006_require_contenttypes_0002	2026-02-23 16:25:26.343543+00
9	auth	0007_alter_validators_add_error_messages	2026-02-23 16:25:26.348261+00
10	auth	0008_alter_user_username_max_length	2026-02-23 16:25:26.352936+00
11	auth	0009_alter_user_last_name_max_length	2026-02-23 16:25:26.358667+00
12	auth	0010_alter_group_name_max_length	2026-02-23 16:25:26.365917+00
13	auth	0011_update_proxy_permissions	2026-02-23 16:25:26.370888+00
14	auth	0012_alter_user_first_name_max_length	2026-02-23 16:25:26.376157+00
15	users	0001_initial	2026-02-23 16:25:26.463513+00
16	admin	0001_initial	2026-02-23 16:25:26.490962+00
17	admin	0002_logentry_remove_auto_add	2026-02-23 16:25:26.496197+00
18	admin	0003_logentry_add_action_flag_choices	2026-02-23 16:25:26.501871+00
19	ai_providers	0001_initial	2026-02-23 16:25:26.530521+00
20	projects	0001_initial	2026-02-23 16:25:26.539761+00
21	elements	0001_initial	2026-02-23 16:25:26.574585+00
22	scenes	0001_initial	2026-02-23 16:25:26.597134+00
23	elements	0002_initial	2026-02-23 16:25:26.609791+00
24	projects	0002_initial	2026-02-23 16:25:26.62614+00
25	sessions	0001_initial	2026-02-23 16:25:26.645575+00
26	sharing	0001_initial	2026-02-23 16:25:26.694044+00
27	users	0002_rename_userquota_columns	2026-02-24 09:20:07.695107+00
28	users	0003_ensure_userquota_column_names	2026-02-24 09:32:56.846672+00
29	users	0004_userquota_new_columns_only	2026-02-24 09:38:05.199423+00
30	ai_providers	0002_aimodel_ui_fields	2026-02-28 13:12:57.798948+00
31	elements	0003_remove_parent_element	2026-03-08 08:14:07.560469+00
32	ai_providers	0003_aimodel_pricing_schema	2026-03-12 08:05:43.233308+00
33	credits	0001_initial	2026-03-12 08:05:43.3521+00
34	users	0004_user_balance_user_pricing_percent	2026-03-12 08:05:43.381837+00
\.


--
-- Data for Name: django_session; Type: TABLE DATA; Schema: public; Owner: postgres
--

COPY public.django_session (session_key, session_data, expire_date) FROM stdin;
8yctx2ebce88lgyg16inndsacml80w9p	.eJxVjEEOwiAQRe_C2hDoUGBcuvcMZICpVA0kpV0Z765NutDtf-_9lwi0rSVsnZcwZ3EWWpx-t0jpwXUH-U711mRqdV3mKHdFHrTLa8v8vBzu30GhXr51BPSGR2XQeOsURGLW1uLkrR0ZnAaFCazBqLJ22iMo0JmHCfOABFG8P63ENpc:1vzhb0:YfOHj21f9jc7cwk4jIyh_TycNs_w1_cx1hHC9sN2FaE	2026-03-23 20:52:58.247455+00
\.


--
-- Data for Name: elements_element; Type: TABLE DATA; Schema: public; Owner: postgres
--

COPY public.elements_element (id, element_type, order_index, file_url, thumbnail_url, is_favorite, prompt_text, generation_config, seed, status, error_message, source_type, external_task_id, created_at, updated_at, ai_model_id, scene_id) FROM stdin;
296	IMAGE	0	https://ai-production-asset-managemer.s3.timeweb.com/projects/2/scenes/3/tmpgx445p8x.jpg	https://ai-production-asset-managemer.s3.timeweb.com/projects/2/scenes/3/tmpgx445p8x.jpg	f	a cute cat, simple, 1K	{"resolution": "1K", "aspect_ratio": "16:9", "google_search": false, "output_format": "jpg"}	\N	COMPLETED		GENERATED	0102d70515923669af368aa803c9b47d	2026-03-04 15:05:37.529394+00	2026-03-04 15:07:00.037757+00	1	3
330	IMAGE	1	https://ai-production-asset-managemer.s3.timeweb.com/projects/1/scenes/1/tmphmtxls1i.jpg	https://ai-production-asset-managemer.s3.timeweb.com/projects/1/scenes/1/tmphmtxls1i.jpg	t	Сделай котика на руках у мужчины	{"input_urls": ["https://ai-production-asset-managemer.s3.timeweb.com/projects/1/scenes/1/tmppkrmjtz0.jpg", "https://ai-production-asset-managemer.s3.timeweb.com/projects/1/scenes/1/95c9df170b544cc3b02f14d55d5576ac.jpg"], "resolution": "1K", "aspect_ratio": "16:9", "google_search": false, "output_format": "jpg"}	\N	COMPLETED		GENERATED	5b575464683e150e0e17c37abccd622f	2026-03-08 17:26:24.020008+00	2026-03-09 21:11:17.268251+00	1	1
337	IMAGE	0	https://ai-production-asset-managemer.s3.timeweb.com/projects/1/scenes/1/tmp2pvuv00u.jpg	https://ai-production-asset-managemer.s3.timeweb.com/projects/1/scenes/1/tmp2pvuv00u.jpg	t	Скрести как-нибудь	{"input_urls": ["https://ai-production-asset-managemer.s3.timeweb.com/projects/1/scenes/1/tmppkrmjtz0.jpg", "https://ai-production-asset-managemer.s3.timeweb.com/projects/1/scenes/2/1bc32518f3c34e39adb80784c2d1b114.jpeg"], "resolution": "1K", "aspect_ratio": "16:9", "google_search": false, "output_format": "jpg"}	\N	COMPLETED		GENERATED	e9a8e0413678e9208cf502d1b75bfea8	2026-03-08 17:58:56.959996+00	2026-03-09 17:26:32.972523+00	1	1
331	IMAGE	0	https://ai-production-asset-managemer.s3.timeweb.com/projects/1/scenes/2/3b584deedd4b4892bd2f0c6b14066313.jpg	https://ai-production-asset-managemer.s3.timeweb.com/projects/1/scenes/2/3b584deedd4b4892bd2f0c6b14066313.jpg	f		{}	\N	COMPLETED		UPLOADED		2026-03-08 17:55:29.532368+00	2026-03-08 17:55:29.842565+00	\N	2
333	IMAGE	2	https://ai-production-asset-managemer.s3.timeweb.com/projects/1/scenes/2/e9f453287f0f4c09aa4625d4994e3a19.jpeg	https://ai-production-asset-managemer.s3.timeweb.com/projects/1/scenes/2/e9f453287f0f4c09aa4625d4994e3a19.jpeg	f		{}	\N	COMPLETED		UPLOADED		2026-03-08 17:55:29.798399+00	2026-03-08 17:55:29.971812+00	\N	2
338	IMAGE	6	https://ai-production-asset-managemer.s3.timeweb.com/projects/1/scenes/2/037bc4ec0aa340a39c03c127a8ba4f75.jpeg	https://ai-production-asset-managemer.s3.timeweb.com/projects/1/scenes/2/037bc4ec0aa340a39c03c127a8ba4f75.jpeg	f		{}	\N	COMPLETED		UPLOADED		2026-03-08 18:10:50.864498+00	2026-03-08 18:10:51.115181+00	\N	2
332	IMAGE	1	https://ai-production-asset-managemer.s3.timeweb.com/projects/1/scenes/2/1bc32518f3c34e39adb80784c2d1b114.jpeg	https://ai-production-asset-managemer.s3.timeweb.com/projects/1/scenes/2/1bc32518f3c34e39adb80784c2d1b114.jpeg	f		{}	\N	COMPLETED		UPLOADED		2026-03-08 17:55:29.680811+00	2026-03-08 17:55:30.115165+00	\N	2
334	IMAGE	3	https://ai-production-asset-managemer.s3.timeweb.com/projects/1/scenes/2/b1bf2378cada4e309ec77e1cdf8bd1ca.jpg	https://ai-production-asset-managemer.s3.timeweb.com/projects/1/scenes/2/b1bf2378cada4e309ec77e1cdf8bd1ca.jpg	f		{}	\N	COMPLETED		UPLOADED		2026-03-08 17:55:29.89242+00	2026-03-08 17:55:30.146868+00	\N	2
335	IMAGE	4	https://ai-production-asset-managemer.s3.timeweb.com/projects/1/scenes/2/80f7308fb96e4318bc446ea92d03b4ba.jpeg	https://ai-production-asset-managemer.s3.timeweb.com/projects/1/scenes/2/80f7308fb96e4318bc446ea92d03b4ba.jpeg	f		{}	\N	COMPLETED		UPLOADED		2026-03-08 17:55:29.979208+00	2026-03-08 17:55:30.278659+00	\N	2
336	IMAGE	5	https://ai-production-asset-managemer.s3.timeweb.com/projects/1/scenes/2/77ccb6c9eef342cebe93c1089b87798a.jpeg	https://ai-production-asset-managemer.s3.timeweb.com/projects/1/scenes/2/77ccb6c9eef342cebe93c1089b87798a.jpeg	f		{}	\N	COMPLETED		UPLOADED		2026-03-08 17:55:30.064686+00	2026-03-08 17:55:30.372563+00	\N	2
339	IMAGE	7	https://ai-production-asset-managemer.s3.timeweb.com/projects/1/scenes/2/e7c3a6efb6e84920b8351fa03bf967b2.jpeg	https://ai-production-asset-managemer.s3.timeweb.com/projects/1/scenes/2/e7c3a6efb6e84920b8351fa03bf967b2.jpeg	f		{}	\N	COMPLETED		UPLOADED		2026-03-08 18:16:49.67477+00	2026-03-08 18:16:49.948152+00	\N	2
340	IMAGE	8	https://ai-production-asset-managemer.s3.timeweb.com/projects/1/scenes/2/f1c08ee1ac7540d183633b3e7605b227.jpg	https://ai-production-asset-managemer.s3.timeweb.com/projects/1/scenes/2/f1c08ee1ac7540d183633b3e7605b227.jpg	f		{}	\N	COMPLETED		UPLOADED		2026-03-08 18:22:01.969462+00	2026-03-08 18:22:02.226371+00	\N	2
341	IMAGE	9	https://ai-production-asset-managemer.s3.timeweb.com/projects/1/scenes/2/8531d14fa0824358bc23a126aa9e1e56.jpeg	https://ai-production-asset-managemer.s3.timeweb.com/projects/1/scenes/2/8531d14fa0824358bc23a126aa9e1e56.jpeg	f		{}	\N	COMPLETED		UPLOADED		2026-03-08 18:55:51.687085+00	2026-03-08 18:55:51.945785+00	\N	2
343	IMAGE	11	https://ai-production-asset-managemer.s3.timeweb.com/projects/1/scenes/2/4197f226905d41edaade8e52e33f70d3.jpg	https://ai-production-asset-managemer.s3.timeweb.com/projects/1/scenes/2/4197f226905d41edaade8e52e33f70d3.jpg	f		{}	\N	COMPLETED		UPLOADED		2026-03-08 18:55:51.879125+00	2026-03-08 18:55:52.068841+00	\N	2
342	IMAGE	10	https://ai-production-asset-managemer.s3.timeweb.com/projects/1/scenes/2/4abf55da7330477f9c03fbd636ad2e83.jpg	https://ai-production-asset-managemer.s3.timeweb.com/projects/1/scenes/2/4abf55da7330477f9c03fbd636ad2e83.jpg	f		{}	\N	COMPLETED		UPLOADED		2026-03-08 18:55:51.774448+00	2026-03-08 18:55:52.076764+00	\N	2
344	IMAGE	12	https://ai-production-asset-managemer.s3.timeweb.com/projects/1/scenes/2/4adbaaba47d946719febc96b160e7a80.jpeg	https://ai-production-asset-managemer.s3.timeweb.com/projects/1/scenes/2/4adbaaba47d946719febc96b160e7a80.jpeg	f		{}	\N	COMPLETED		UPLOADED		2026-03-08 18:55:52.034357+00	2026-03-08 18:55:52.227039+00	\N	2
319	IMAGE	1	https://ai-production-asset-managemer.s3.timeweb.com/projects/1/scenes/1/tmppkrmjtz0.jpg	https://ai-production-asset-managemer.s3.timeweb.com/projects/1/scenes/1/tmppkrmjtz0.jpg	f	котика сделай	{"resolution": "1K", "aspect_ratio": "5:4", "google_search": false, "output_format": "jpg"}	\N	COMPLETED		GENERATED	aa0e77e406f2fe4dfb99835d05e54aa4	2026-03-08 11:06:21.431961+00	2026-03-09 17:39:24.478859+00	1	1
\.


--
-- Data for Name: projects_project; Type: TABLE DATA; Schema: public; Owner: postgres
--

COPY public.projects_project (id, name, status, aspect_ratio, created_at, updated_at, user_id) FROM stdin;
1	123	ACTIVE	16:9	2026-02-28 14:53:35.633472+00	2026-03-04 07:56:02.011926+00	9
2	Test	ACTIVE	16:9	2026-03-04 15:05:37.51973+00	2026-03-04 15:05:37.519744+00	1
\.


--
-- Data for Name: scenes_scene; Type: TABLE DATA; Schema: public; Owner: postgres
--

COPY public.scenes_scene (id, name, status, order_index, created_at, updated_at, headliner_id, project_id) FROM stdin;
2	144	DRAFT	1	2026-02-28 14:53:54.417743+00	2026-02-28 14:53:54.417751+00	\N	1
1	хуй	DRAFT	0	2026-02-28 14:53:43.949881+00	2026-03-09 21:11:17.293048+00	337	1
3	Test Scene	DRAFT	0	2026-03-04 15:05:37.524024+00	2026-03-04 15:05:37.524031+00	\N	2
\.


--
-- Data for Name: sharing_comment; Type: TABLE DATA; Schema: public; Owner: postgres
--

COPY public.sharing_comment (id, author_name, text, is_read, created_at, updated_at, scene_id) FROM stdin;
\.


--
-- Data for Name: sharing_sharedlink; Type: TABLE DATA; Schema: public; Owner: postgres
--

COPY public.sharing_sharedlink (id, token, expires_at, created_at, updated_at, project_id) FROM stdin;
\.


--
-- Data for Name: users_user; Type: TABLE DATA; Schema: public; Owner: postgres
--

COPY public.users_user (id, password, last_login, is_superuser, username, first_name, last_name, email, is_staff, is_active, date_joined, created_at, updated_at, balance, pricing_percent) FROM stdin;
9	pbkdf2_sha256$720000$WFP8cebSOSpGeg1ciR5TmI$lgzIyoUS62IGoKaMW6THPf7XahFbTg6W0COjt6JkqFU=	\N	f	MainAlex			karpenkolast@gmail.com	f	t	2026-02-28 14:53:23.829591+00	2026-02-28 14:53:23.921693+00	2026-03-03 14:12:34.331994+00	0.00	100
1	pbkdf2_sha256$720000$FpE3bzXbJHKQCjCqGg6LSQ$p+iQW9xhldNhTFbeRo1CgQXpQiHD3wCLlGs4zTfJEKk=	2026-02-23 16:29:48.966348+00	t	alexey			alexey@admin.com	t	t	2026-02-23 16:29:25.538894+00	2026-02-23 16:29:25.793257+00	2026-03-09 20:52:58.236028+00	0.00	100
\.


--
-- Data for Name: users_user_groups; Type: TABLE DATA; Schema: public; Owner: postgres
--

COPY public.users_user_groups (id, user_id, group_id) FROM stdin;
\.


--
-- Data for Name: users_user_user_permissions; Type: TABLE DATA; Schema: public; Owner: postgres
--

COPY public.users_user_user_permissions (id, user_id, permission_id) FROM stdin;
\.


--
-- Data for Name: users_userquota; Type: TABLE DATA; Schema: public; Owner: postgres
--

COPY public.users_userquota (id, user_id, max_projects, max_scenes_per_project, max_elements_per_scene, created_at, updated_at) FROM stdin;
1	1	5	20	10	2026-02-23 16:29:25.798774+00	2026-02-23 16:29:25.798782+00
8	9	5	20	20	2026-02-28 14:53:23.925554+00	2026-03-03 19:09:50.937509+00
\.


--
-- Name: ai_providers_aimodel_id_seq; Type: SEQUENCE SET; Schema: public; Owner: postgres
--

SELECT pg_catalog.setval('public.ai_providers_aimodel_id_seq', 1, true);


--
-- Name: ai_providers_aiprovider_id_seq; Type: SEQUENCE SET; Schema: public; Owner: postgres
--

SELECT pg_catalog.setval('public.ai_providers_aiprovider_id_seq', 1, true);


--
-- Name: auth_group_id_seq; Type: SEQUENCE SET; Schema: public; Owner: postgres
--

SELECT pg_catalog.setval('public.auth_group_id_seq', 1, false);


--
-- Name: auth_group_permissions_id_seq; Type: SEQUENCE SET; Schema: public; Owner: postgres
--

SELECT pg_catalog.setval('public.auth_group_permissions_id_seq', 1, false);


--
-- Name: auth_permission_id_seq; Type: SEQUENCE SET; Schema: public; Owner: postgres
--

SELECT pg_catalog.setval('public.auth_permission_id_seq', 60, true);


--
-- Name: credits_creditstransaction_id_seq; Type: SEQUENCE SET; Schema: public; Owner: postgres
--

SELECT pg_catalog.setval('public.credits_creditstransaction_id_seq', 1, false);


--
-- Name: django_admin_log_id_seq; Type: SEQUENCE SET; Schema: public; Owner: postgres
--

SELECT pg_catalog.setval('public.django_admin_log_id_seq', 16, true);


--
-- Name: django_content_type_id_seq; Type: SEQUENCE SET; Schema: public; Owner: postgres
--

SELECT pg_catalog.setval('public.django_content_type_id_seq', 15, true);


--
-- Name: django_migrations_id_seq; Type: SEQUENCE SET; Schema: public; Owner: postgres
--

SELECT pg_catalog.setval('public.django_migrations_id_seq', 34, true);


--
-- Name: elements_element_id_seq; Type: SEQUENCE SET; Schema: public; Owner: postgres
--

SELECT pg_catalog.setval('public.elements_element_id_seq', 345, true);


--
-- Name: projects_project_id_seq; Type: SEQUENCE SET; Schema: public; Owner: postgres
--

SELECT pg_catalog.setval('public.projects_project_id_seq', 2, true);


--
-- Name: scenes_scene_id_seq; Type: SEQUENCE SET; Schema: public; Owner: postgres
--

SELECT pg_catalog.setval('public.scenes_scene_id_seq', 3, true);


--
-- Name: sharing_comment_id_seq; Type: SEQUENCE SET; Schema: public; Owner: postgres
--

SELECT pg_catalog.setval('public.sharing_comment_id_seq', 1, false);


--
-- Name: sharing_sharedlink_id_seq; Type: SEQUENCE SET; Schema: public; Owner: postgres
--

SELECT pg_catalog.setval('public.sharing_sharedlink_id_seq', 1, false);


--
-- Name: users_user_groups_id_seq; Type: SEQUENCE SET; Schema: public; Owner: postgres
--

SELECT pg_catalog.setval('public.users_user_groups_id_seq', 1, false);


--
-- Name: users_user_id_seq; Type: SEQUENCE SET; Schema: public; Owner: postgres
--

SELECT pg_catalog.setval('public.users_user_id_seq', 9, true);


--
-- Name: users_user_user_permissions_id_seq; Type: SEQUENCE SET; Schema: public; Owner: postgres
--

SELECT pg_catalog.setval('public.users_user_user_permissions_id_seq', 1, false);


--
-- Name: users_userquota_id_seq; Type: SEQUENCE SET; Schema: public; Owner: postgres
--

SELECT pg_catalog.setval('public.users_userquota_id_seq', 8, true);


--
-- Name: ai_providers_aimodel ai_providers_aimodel_pkey; Type: CONSTRAINT; Schema: public; Owner: postgres
--

ALTER TABLE ONLY public.ai_providers_aimodel
    ADD CONSTRAINT ai_providers_aimodel_pkey PRIMARY KEY (id);


--
-- Name: ai_providers_aiprovider ai_providers_aiprovider_pkey; Type: CONSTRAINT; Schema: public; Owner: postgres
--

ALTER TABLE ONLY public.ai_providers_aiprovider
    ADD CONSTRAINT ai_providers_aiprovider_pkey PRIMARY KEY (id);


--
-- Name: auth_group auth_group_name_key; Type: CONSTRAINT; Schema: public; Owner: postgres
--

ALTER TABLE ONLY public.auth_group
    ADD CONSTRAINT auth_group_name_key UNIQUE (name);


--
-- Name: auth_group_permissions auth_group_permissions_group_id_permission_id_0cd325b0_uniq; Type: CONSTRAINT; Schema: public; Owner: postgres
--

ALTER TABLE ONLY public.auth_group_permissions
    ADD CONSTRAINT auth_group_permissions_group_id_permission_id_0cd325b0_uniq UNIQUE (group_id, permission_id);


--
-- Name: auth_group_permissions auth_group_permissions_pkey; Type: CONSTRAINT; Schema: public; Owner: postgres
--

ALTER TABLE ONLY public.auth_group_permissions
    ADD CONSTRAINT auth_group_permissions_pkey PRIMARY KEY (id);


--
-- Name: auth_group auth_group_pkey; Type: CONSTRAINT; Schema: public; Owner: postgres
--

ALTER TABLE ONLY public.auth_group
    ADD CONSTRAINT auth_group_pkey PRIMARY KEY (id);


--
-- Name: auth_permission auth_permission_content_type_id_codename_01ab375a_uniq; Type: CONSTRAINT; Schema: public; Owner: postgres
--

ALTER TABLE ONLY public.auth_permission
    ADD CONSTRAINT auth_permission_content_type_id_codename_01ab375a_uniq UNIQUE (content_type_id, codename);


--
-- Name: auth_permission auth_permission_pkey; Type: CONSTRAINT; Schema: public; Owner: postgres
--

ALTER TABLE ONLY public.auth_permission
    ADD CONSTRAINT auth_permission_pkey PRIMARY KEY (id);


--
-- Name: credits_creditstransaction credits_creditstransaction_pkey; Type: CONSTRAINT; Schema: public; Owner: postgres
--

ALTER TABLE ONLY public.credits_creditstransaction
    ADD CONSTRAINT credits_creditstransaction_pkey PRIMARY KEY (id);


--
-- Name: django_admin_log django_admin_log_pkey; Type: CONSTRAINT; Schema: public; Owner: postgres
--

ALTER TABLE ONLY public.django_admin_log
    ADD CONSTRAINT django_admin_log_pkey PRIMARY KEY (id);


--
-- Name: django_content_type django_content_type_app_label_model_76bd3d3b_uniq; Type: CONSTRAINT; Schema: public; Owner: postgres
--

ALTER TABLE ONLY public.django_content_type
    ADD CONSTRAINT django_content_type_app_label_model_76bd3d3b_uniq UNIQUE (app_label, model);


--
-- Name: django_content_type django_content_type_pkey; Type: CONSTRAINT; Schema: public; Owner: postgres
--

ALTER TABLE ONLY public.django_content_type
    ADD CONSTRAINT django_content_type_pkey PRIMARY KEY (id);


--
-- Name: django_migrations django_migrations_pkey; Type: CONSTRAINT; Schema: public; Owner: postgres
--

ALTER TABLE ONLY public.django_migrations
    ADD CONSTRAINT django_migrations_pkey PRIMARY KEY (id);


--
-- Name: django_session django_session_pkey; Type: CONSTRAINT; Schema: public; Owner: postgres
--

ALTER TABLE ONLY public.django_session
    ADD CONSTRAINT django_session_pkey PRIMARY KEY (session_key);


--
-- Name: elements_element elements_element_pkey; Type: CONSTRAINT; Schema: public; Owner: postgres
--

ALTER TABLE ONLY public.elements_element
    ADD CONSTRAINT elements_element_pkey PRIMARY KEY (id);


--
-- Name: projects_project projects_project_pkey; Type: CONSTRAINT; Schema: public; Owner: postgres
--

ALTER TABLE ONLY public.projects_project
    ADD CONSTRAINT projects_project_pkey PRIMARY KEY (id);


--
-- Name: scenes_scene scenes_scene_pkey; Type: CONSTRAINT; Schema: public; Owner: postgres
--

ALTER TABLE ONLY public.scenes_scene
    ADD CONSTRAINT scenes_scene_pkey PRIMARY KEY (id);


--
-- Name: sharing_comment sharing_comment_pkey; Type: CONSTRAINT; Schema: public; Owner: postgres
--

ALTER TABLE ONLY public.sharing_comment
    ADD CONSTRAINT sharing_comment_pkey PRIMARY KEY (id);


--
-- Name: sharing_sharedlink sharing_sharedlink_pkey; Type: CONSTRAINT; Schema: public; Owner: postgres
--

ALTER TABLE ONLY public.sharing_sharedlink
    ADD CONSTRAINT sharing_sharedlink_pkey PRIMARY KEY (id);


--
-- Name: sharing_sharedlink sharing_sharedlink_token_key; Type: CONSTRAINT; Schema: public; Owner: postgres
--

ALTER TABLE ONLY public.sharing_sharedlink
    ADD CONSTRAINT sharing_sharedlink_token_key UNIQUE (token);


--
-- Name: users_user_groups users_user_groups_pkey; Type: CONSTRAINT; Schema: public; Owner: postgres
--

ALTER TABLE ONLY public.users_user_groups
    ADD CONSTRAINT users_user_groups_pkey PRIMARY KEY (id);


--
-- Name: users_user_groups users_user_groups_user_id_group_id_b88eab82_uniq; Type: CONSTRAINT; Schema: public; Owner: postgres
--

ALTER TABLE ONLY public.users_user_groups
    ADD CONSTRAINT users_user_groups_user_id_group_id_b88eab82_uniq UNIQUE (user_id, group_id);


--
-- Name: users_user users_user_pkey; Type: CONSTRAINT; Schema: public; Owner: postgres
--

ALTER TABLE ONLY public.users_user
    ADD CONSTRAINT users_user_pkey PRIMARY KEY (id);


--
-- Name: users_user_user_permissions users_user_user_permissions_pkey; Type: CONSTRAINT; Schema: public; Owner: postgres
--

ALTER TABLE ONLY public.users_user_user_permissions
    ADD CONSTRAINT users_user_user_permissions_pkey PRIMARY KEY (id);


--
-- Name: users_user_user_permissions users_user_user_permissions_user_id_permission_id_43338c45_uniq; Type: CONSTRAINT; Schema: public; Owner: postgres
--

ALTER TABLE ONLY public.users_user_user_permissions
    ADD CONSTRAINT users_user_user_permissions_user_id_permission_id_43338c45_uniq UNIQUE (user_id, permission_id);


--
-- Name: users_user users_user_username_key; Type: CONSTRAINT; Schema: public; Owner: postgres
--

ALTER TABLE ONLY public.users_user
    ADD CONSTRAINT users_user_username_key UNIQUE (username);


--
-- Name: users_userquota users_userquota_new_pkey; Type: CONSTRAINT; Schema: public; Owner: postgres
--

ALTER TABLE ONLY public.users_userquota
    ADD CONSTRAINT users_userquota_new_pkey PRIMARY KEY (id);


--
-- Name: users_userquota users_userquota_new_user_id_key; Type: CONSTRAINT; Schema: public; Owner: postgres
--

ALTER TABLE ONLY public.users_userquota
    ADD CONSTRAINT users_userquota_new_user_id_key UNIQUE (user_id);


--
-- Name: ai_providers_aimodel_provider_id_29a1d1be; Type: INDEX; Schema: public; Owner: postgres
--

CREATE INDEX ai_providers_aimodel_provider_id_29a1d1be ON public.ai_providers_aimodel USING btree (provider_id);


--
-- Name: auth_group_name_a6ea08ec_like; Type: INDEX; Schema: public; Owner: postgres
--

CREATE INDEX auth_group_name_a6ea08ec_like ON public.auth_group USING btree (name varchar_pattern_ops);


--
-- Name: auth_group_permissions_group_id_b120cbf9; Type: INDEX; Schema: public; Owner: postgres
--

CREATE INDEX auth_group_permissions_group_id_b120cbf9 ON public.auth_group_permissions USING btree (group_id);


--
-- Name: auth_group_permissions_permission_id_84c5c92e; Type: INDEX; Schema: public; Owner: postgres
--

CREATE INDEX auth_group_permissions_permission_id_84c5c92e ON public.auth_group_permissions USING btree (permission_id);


--
-- Name: auth_permission_content_type_id_2f476e4b; Type: INDEX; Schema: public; Owner: postgres
--

CREATE INDEX auth_permission_content_type_id_2f476e4b ON public.auth_permission USING btree (content_type_id);


--
-- Name: credits_cre_element_20ca77_idx; Type: INDEX; Schema: public; Owner: postgres
--

CREATE INDEX credits_cre_element_20ca77_idx ON public.credits_creditstransaction USING btree (element_id, reason);


--
-- Name: credits_cre_user_id_550459_idx; Type: INDEX; Schema: public; Owner: postgres
--

CREATE INDEX credits_cre_user_id_550459_idx ON public.credits_creditstransaction USING btree (user_id, created_at DESC);


--
-- Name: credits_creditstransaction_element_id_045089ee; Type: INDEX; Schema: public; Owner: postgres
--

CREATE INDEX credits_creditstransaction_element_id_045089ee ON public.credits_creditstransaction USING btree (element_id);


--
-- Name: credits_creditstransaction_user_id_1a8047ed; Type: INDEX; Schema: public; Owner: postgres
--

CREATE INDEX credits_creditstransaction_user_id_1a8047ed ON public.credits_creditstransaction USING btree (user_id);


--
-- Name: django_admin_log_content_type_id_c4bce8eb; Type: INDEX; Schema: public; Owner: postgres
--

CREATE INDEX django_admin_log_content_type_id_c4bce8eb ON public.django_admin_log USING btree (content_type_id);


--
-- Name: django_admin_log_user_id_c564eba6; Type: INDEX; Schema: public; Owner: postgres
--

CREATE INDEX django_admin_log_user_id_c564eba6 ON public.django_admin_log USING btree (user_id);


--
-- Name: django_session_expire_date_a5c62663; Type: INDEX; Schema: public; Owner: postgres
--

CREATE INDEX django_session_expire_date_a5c62663 ON public.django_session USING btree (expire_date);


--
-- Name: django_session_session_key_c0390e0f_like; Type: INDEX; Schema: public; Owner: postgres
--

CREATE INDEX django_session_session_key_c0390e0f_like ON public.django_session USING btree (session_key varchar_pattern_ops);


--
-- Name: elements_element_ai_model_id_8fb9dbfa; Type: INDEX; Schema: public; Owner: postgres
--

CREATE INDEX elements_element_ai_model_id_8fb9dbfa ON public.elements_element USING btree (ai_model_id);


--
-- Name: elements_element_external_task_id_44627a71; Type: INDEX; Schema: public; Owner: postgres
--

CREATE INDEX elements_element_external_task_id_44627a71 ON public.elements_element USING btree (external_task_id);


--
-- Name: elements_element_external_task_id_44627a71_like; Type: INDEX; Schema: public; Owner: postgres
--

CREATE INDEX elements_element_external_task_id_44627a71_like ON public.elements_element USING btree (external_task_id varchar_pattern_ops);


--
-- Name: elements_element_scene_id_7c87fd6c; Type: INDEX; Schema: public; Owner: postgres
--

CREATE INDEX elements_element_scene_id_7c87fd6c ON public.elements_element USING btree (scene_id);


--
-- Name: projects_project_user_id_719f19dd; Type: INDEX; Schema: public; Owner: postgres
--

CREATE INDEX projects_project_user_id_719f19dd ON public.projects_project USING btree (user_id);


--
-- Name: scenes_scene_headliner_id_9882bc17; Type: INDEX; Schema: public; Owner: postgres
--

CREATE INDEX scenes_scene_headliner_id_9882bc17 ON public.scenes_scene USING btree (headliner_id);


--
-- Name: scenes_scene_project_id_d0b30981; Type: INDEX; Schema: public; Owner: postgres
--

CREATE INDEX scenes_scene_project_id_d0b30981 ON public.scenes_scene USING btree (project_id);


--
-- Name: sharing_comment_scene_id_c9c4fe9a; Type: INDEX; Schema: public; Owner: postgres
--

CREATE INDEX sharing_comment_scene_id_c9c4fe9a ON public.sharing_comment USING btree (scene_id);


--
-- Name: sharing_sharedlink_project_id_5d69b2a3; Type: INDEX; Schema: public; Owner: postgres
--

CREATE INDEX sharing_sharedlink_project_id_5d69b2a3 ON public.sharing_sharedlink USING btree (project_id);


--
-- Name: users_user_groups_group_id_9afc8d0e; Type: INDEX; Schema: public; Owner: postgres
--

CREATE INDEX users_user_groups_group_id_9afc8d0e ON public.users_user_groups USING btree (group_id);


--
-- Name: users_user_groups_user_id_5f6f5a90; Type: INDEX; Schema: public; Owner: postgres
--

CREATE INDEX users_user_groups_user_id_5f6f5a90 ON public.users_user_groups USING btree (user_id);


--
-- Name: users_user_user_permissions_permission_id_0b93982e; Type: INDEX; Schema: public; Owner: postgres
--

CREATE INDEX users_user_user_permissions_permission_id_0b93982e ON public.users_user_user_permissions USING btree (permission_id);


--
-- Name: users_user_user_permissions_user_id_20aca447; Type: INDEX; Schema: public; Owner: postgres
--

CREATE INDEX users_user_user_permissions_user_id_20aca447 ON public.users_user_user_permissions USING btree (user_id);


--
-- Name: users_user_username_06e46fe6_like; Type: INDEX; Schema: public; Owner: postgres
--

CREATE INDEX users_user_username_06e46fe6_like ON public.users_user USING btree (username varchar_pattern_ops);


--
-- Name: users_userquota_user_id_idx; Type: INDEX; Schema: public; Owner: postgres
--

CREATE INDEX users_userquota_user_id_idx ON public.users_userquota USING btree (user_id);


--
-- Name: ai_providers_aimodel ai_providers_aimodel_provider_id_29a1d1be_fk_ai_provid; Type: FK CONSTRAINT; Schema: public; Owner: postgres
--

ALTER TABLE ONLY public.ai_providers_aimodel
    ADD CONSTRAINT ai_providers_aimodel_provider_id_29a1d1be_fk_ai_provid FOREIGN KEY (provider_id) REFERENCES public.ai_providers_aiprovider(id) DEFERRABLE INITIALLY DEFERRED;


--
-- Name: auth_group_permissions auth_group_permissio_permission_id_84c5c92e_fk_auth_perm; Type: FK CONSTRAINT; Schema: public; Owner: postgres
--

ALTER TABLE ONLY public.auth_group_permissions
    ADD CONSTRAINT auth_group_permissio_permission_id_84c5c92e_fk_auth_perm FOREIGN KEY (permission_id) REFERENCES public.auth_permission(id) DEFERRABLE INITIALLY DEFERRED;


--
-- Name: auth_group_permissions auth_group_permissions_group_id_b120cbf9_fk_auth_group_id; Type: FK CONSTRAINT; Schema: public; Owner: postgres
--

ALTER TABLE ONLY public.auth_group_permissions
    ADD CONSTRAINT auth_group_permissions_group_id_b120cbf9_fk_auth_group_id FOREIGN KEY (group_id) REFERENCES public.auth_group(id) DEFERRABLE INITIALLY DEFERRED;


--
-- Name: auth_permission auth_permission_content_type_id_2f476e4b_fk_django_co; Type: FK CONSTRAINT; Schema: public; Owner: postgres
--

ALTER TABLE ONLY public.auth_permission
    ADD CONSTRAINT auth_permission_content_type_id_2f476e4b_fk_django_co FOREIGN KEY (content_type_id) REFERENCES public.django_content_type(id) DEFERRABLE INITIALLY DEFERRED;


--
-- Name: credits_creditstransaction credits_creditstrans_element_id_045089ee_fk_elements_; Type: FK CONSTRAINT; Schema: public; Owner: postgres
--

ALTER TABLE ONLY public.credits_creditstransaction
    ADD CONSTRAINT credits_creditstrans_element_id_045089ee_fk_elements_ FOREIGN KEY (element_id) REFERENCES public.elements_element(id) DEFERRABLE INITIALLY DEFERRED;


--
-- Name: credits_creditstransaction credits_creditstransaction_user_id_1a8047ed_fk_users_user_id; Type: FK CONSTRAINT; Schema: public; Owner: postgres
--

ALTER TABLE ONLY public.credits_creditstransaction
    ADD CONSTRAINT credits_creditstransaction_user_id_1a8047ed_fk_users_user_id FOREIGN KEY (user_id) REFERENCES public.users_user(id) DEFERRABLE INITIALLY DEFERRED;


--
-- Name: django_admin_log django_admin_log_content_type_id_c4bce8eb_fk_django_co; Type: FK CONSTRAINT; Schema: public; Owner: postgres
--

ALTER TABLE ONLY public.django_admin_log
    ADD CONSTRAINT django_admin_log_content_type_id_c4bce8eb_fk_django_co FOREIGN KEY (content_type_id) REFERENCES public.django_content_type(id) DEFERRABLE INITIALLY DEFERRED;


--
-- Name: django_admin_log django_admin_log_user_id_c564eba6_fk_users_user_id; Type: FK CONSTRAINT; Schema: public; Owner: postgres
--

ALTER TABLE ONLY public.django_admin_log
    ADD CONSTRAINT django_admin_log_user_id_c564eba6_fk_users_user_id FOREIGN KEY (user_id) REFERENCES public.users_user(id) DEFERRABLE INITIALLY DEFERRED;


--
-- Name: elements_element elements_element_ai_model_id_8fb9dbfa_fk_ai_provid; Type: FK CONSTRAINT; Schema: public; Owner: postgres
--

ALTER TABLE ONLY public.elements_element
    ADD CONSTRAINT elements_element_ai_model_id_8fb9dbfa_fk_ai_provid FOREIGN KEY (ai_model_id) REFERENCES public.ai_providers_aimodel(id) DEFERRABLE INITIALLY DEFERRED;


--
-- Name: elements_element elements_element_scene_id_7c87fd6c_fk_scenes_scene_id; Type: FK CONSTRAINT; Schema: public; Owner: postgres
--

ALTER TABLE ONLY public.elements_element
    ADD CONSTRAINT elements_element_scene_id_7c87fd6c_fk_scenes_scene_id FOREIGN KEY (scene_id) REFERENCES public.scenes_scene(id) DEFERRABLE INITIALLY DEFERRED;


--
-- Name: projects_project projects_project_user_id_719f19dd_fk_users_user_id; Type: FK CONSTRAINT; Schema: public; Owner: postgres
--

ALTER TABLE ONLY public.projects_project
    ADD CONSTRAINT projects_project_user_id_719f19dd_fk_users_user_id FOREIGN KEY (user_id) REFERENCES public.users_user(id) DEFERRABLE INITIALLY DEFERRED;


--
-- Name: scenes_scene scenes_scene_headliner_id_9882bc17_fk_elements_element_id; Type: FK CONSTRAINT; Schema: public; Owner: postgres
--

ALTER TABLE ONLY public.scenes_scene
    ADD CONSTRAINT scenes_scene_headliner_id_9882bc17_fk_elements_element_id FOREIGN KEY (headliner_id) REFERENCES public.elements_element(id) DEFERRABLE INITIALLY DEFERRED;


--
-- Name: scenes_scene scenes_scene_project_id_d0b30981_fk_projects_project_id; Type: FK CONSTRAINT; Schema: public; Owner: postgres
--

ALTER TABLE ONLY public.scenes_scene
    ADD CONSTRAINT scenes_scene_project_id_d0b30981_fk_projects_project_id FOREIGN KEY (project_id) REFERENCES public.projects_project(id) DEFERRABLE INITIALLY DEFERRED;


--
-- Name: sharing_comment sharing_comment_scene_id_c9c4fe9a_fk_scenes_scene_id; Type: FK CONSTRAINT; Schema: public; Owner: postgres
--

ALTER TABLE ONLY public.sharing_comment
    ADD CONSTRAINT sharing_comment_scene_id_c9c4fe9a_fk_scenes_scene_id FOREIGN KEY (scene_id) REFERENCES public.scenes_scene(id) DEFERRABLE INITIALLY DEFERRED;


--
-- Name: sharing_sharedlink sharing_sharedlink_project_id_5d69b2a3_fk_projects_project_id; Type: FK CONSTRAINT; Schema: public; Owner: postgres
--

ALTER TABLE ONLY public.sharing_sharedlink
    ADD CONSTRAINT sharing_sharedlink_project_id_5d69b2a3_fk_projects_project_id FOREIGN KEY (project_id) REFERENCES public.projects_project(id) DEFERRABLE INITIALLY DEFERRED;


--
-- Name: users_user_groups users_user_groups_group_id_9afc8d0e_fk_auth_group_id; Type: FK CONSTRAINT; Schema: public; Owner: postgres
--

ALTER TABLE ONLY public.users_user_groups
    ADD CONSTRAINT users_user_groups_group_id_9afc8d0e_fk_auth_group_id FOREIGN KEY (group_id) REFERENCES public.auth_group(id) DEFERRABLE INITIALLY DEFERRED;


--
-- Name: users_user_groups users_user_groups_user_id_5f6f5a90_fk_users_user_id; Type: FK CONSTRAINT; Schema: public; Owner: postgres
--

ALTER TABLE ONLY public.users_user_groups
    ADD CONSTRAINT users_user_groups_user_id_5f6f5a90_fk_users_user_id FOREIGN KEY (user_id) REFERENCES public.users_user(id) DEFERRABLE INITIALLY DEFERRED;


--
-- Name: users_user_user_permissions users_user_user_perm_permission_id_0b93982e_fk_auth_perm; Type: FK CONSTRAINT; Schema: public; Owner: postgres
--

ALTER TABLE ONLY public.users_user_user_permissions
    ADD CONSTRAINT users_user_user_perm_permission_id_0b93982e_fk_auth_perm FOREIGN KEY (permission_id) REFERENCES public.auth_permission(id) DEFERRABLE INITIALLY DEFERRED;


--
-- Name: users_user_user_permissions users_user_user_permissions_user_id_20aca447_fk_users_user_id; Type: FK CONSTRAINT; Schema: public; Owner: postgres
--

ALTER TABLE ONLY public.users_user_user_permissions
    ADD CONSTRAINT users_user_user_permissions_user_id_20aca447_fk_users_user_id FOREIGN KEY (user_id) REFERENCES public.users_user(id) DEFERRABLE INITIALLY DEFERRED;


--
-- Name: users_userquota users_userquota_new_user_id_fkey; Type: FK CONSTRAINT; Schema: public; Owner: postgres
--

ALTER TABLE ONLY public.users_userquota
    ADD CONSTRAINT users_userquota_new_user_id_fkey FOREIGN KEY (user_id) REFERENCES public.users_user(id) ON DELETE CASCADE;


--
-- Name: SCHEMA public; Type: ACL; Schema: -; Owner: postgres
--

REVOKE USAGE ON SCHEMA public FROM PUBLIC;
GRANT ALL ON SCHEMA public TO PUBLIC;


--
-- PostgreSQL database dump complete
--

\unrestrict g7iRk4eEncCeUOfOMhKsGU4lN3kzBEs6VY4rthMQVzkoNh8dShsNZy7amg5DQs4

